CoursesController.java,edu.ucsb.cs156.organic.controllers.CoursesController,org.pitest.mutationtest.engine.gregor.mutators.returns.NullReturnValsMutator,addStaff,293,KILLED,edu.ucsb.cs156.organic.controllers.CoursesControllerTests.[engine:junit-jupiter]/[class:edu.ucsb.cs156.organic.controllers.CoursesControllerTests]/[method:an_admin_user_can_add_a_staff_member_to_a_course()]
CoursesController.java,edu.ucsb.cs156.organic.controllers.CoursesController,org.pitest.mutationtest.engine.gregor.mutators.NegateConditionalsMutator,allCourses,121,KILLED,edu.ucsb.cs156.organic.controllers.CoursesControllerTests.[engine:junit-jupiter]/[class:edu.ucsb.cs156.organic.controllers.CoursesControllerTests]/[method:user_can_get_only_courses_for_which_they_are_staff()]
CoursesController.java,edu.ucsb.cs156.organic.controllers.CoursesController,org.pitest.mutationtest.engine.gregor.mutators.returns.NullReturnValsMutator,allCourses,122,KILLED,edu.ucsb.cs156.organic.controllers.CoursesControllerTests.[engine:junit-jupiter]/[class:edu.ucsb.cs156.organic.controllers.CoursesControllerTests]/[method:admin_can_get_all_courses()]
CoursesController.java,edu.ucsb.cs156.organic.controllers.CoursesController,org.pitest.mutationtest.engine.gregor.mutators.returns.NullReturnValsMutator,allCourses,124,KILLED,edu.ucsb.cs156.organic.controllers.CoursesControllerTests.[engine:junit-jupiter]/[class:edu.ucsb.cs156.organic.controllers.CoursesControllerTests]/[method:user_can_get_only_courses_for_which_they_are_staff()]
CoursesController.java,edu.ucsb.cs156.organic.controllers.CoursesController,org.pitest.mutationtest.engine.gregor.mutators.NegateConditionalsMutator,deleteCourse,388,KILLED,edu.ucsb.cs156.organic.controllers.CoursesControllerTests.[engine:junit-jupiter]/[class:edu.ucsb.cs156.organic.controllers.CoursesControllerTests]/[method:an_instructor_user_cannot_delete_a_course_if_they_are_not_staff()]
CoursesController.java,edu.ucsb.cs156.organic.controllers.CoursesController,org.pitest.mutationtest.engine.gregor.mutators.VoidMethodCallMutator,deleteCourse,394,KILLED,edu.ucsb.cs156.organic.controllers.CoursesControllerTests.[engine:junit-jupiter]/[class:edu.ucsb.cs156.organic.controllers.CoursesControllerTests]/[method:an_instructor_user_can_delete_a_course_if_they_are_staff()]
CoursesController.java,edu.ucsb.cs156.organic.controllers.CoursesController,org.pitest.mutationtest.engine.gregor.mutators.returns.NullReturnValsMutator,deleteCourse,395,KILLED,edu.ucsb.cs156.organic.controllers.CoursesControllerTests.[engine:junit-jupiter]/[class:edu.ucsb.cs156.organic.controllers.CoursesControllerTests]/[method:an_instructor_user_can_delete_a_course_if_they_are_staff()]
CoursesController.java,edu.ucsb.cs156.organic.controllers.CoursesController,org.pitest.mutationtest.engine.gregor.mutators.VoidMethodCallMutator,deleteStaff,318,KILLED,edu.ucsb.cs156.organic.controllers.CoursesControllerTests.[engine:junit-jupiter]/[class:edu.ucsb.cs156.organic.controllers.CoursesControllerTests]/[method:admin_can_delete_a_staff()]
CoursesController.java,edu.ucsb.cs156.organic.controllers.CoursesController,org.pitest.mutationtest.engine.gregor.mutators.returns.NullReturnValsMutator,deleteStaff,319,KILLED,edu.ucsb.cs156.organic.controllers.CoursesControllerTests.[engine:junit-jupiter]/[class:edu.ucsb.cs156.organic.controllers.CoursesControllerTests]/[method:admin_can_delete_a_staff()]
CoursesController.java,edu.ucsb.cs156.organic.controllers.CoursesController,org.pitest.mutationtest.engine.gregor.mutators.NegateConditionalsMutator,getById,138,KILLED,edu.ucsb.cs156.organic.controllers.CoursesControllerTests.[engine:junit-jupiter]/[class:edu.ucsb.cs156.organic.controllers.CoursesControllerTests]/[method:test_that_admin_can_get_by_id_when_the_id_exists()]
CoursesController.java,edu.ucsb.cs156.organic.controllers.CoursesController,org.pitest.mutationtest.engine.gregor.mutators.returns.NullReturnValsMutator,getById,144,KILLED,edu.ucsb.cs156.organic.controllers.CoursesControllerTests.[engine:junit-jupiter]/[class:edu.ucsb.cs156.organic.controllers.CoursesControllerTests]/[method:test_that_admin_can_get_by_id_when_the_id_exists()]
CoursesController.java,edu.ucsb.cs156.organic.controllers.CoursesController,org.pitest.mutationtest.engine.gregor.mutators.NegateConditionalsMutator,getGithubOrgById,158,KILLED,edu.ucsb.cs156.organic.controllers.CoursesControllerTests.[engine:junit-jupiter]/[class:edu.ucsb.cs156.organic.controllers.CoursesControllerTests]/[method:user_can_not_query_github_app_status()]
CoursesController.java,edu.ucsb.cs156.organic.controllers.CoursesController,org.pitest.mutationtest.engine.gregor.mutators.NegateConditionalsMutator,getGithubOrgById,160,KILLED,edu.ucsb.cs156.organic.controllers.CoursesControllerTests.[engine:junit-jupiter]/[class:edu.ucsb.cs156.organic.controllers.CoursesControllerTests]/[method:user_can_not_query_github_app_status()]
CoursesController.java,edu.ucsb.cs156.organic.controllers.CoursesController,org.pitest.mutationtest.engine.gregor.mutators.VoidMethodCallMutator,getGithubOrgById,177,KILLED,edu.ucsb.cs156.organic.controllers.CoursesControllerTests.[engine:junit-jupiter]/[class:edu.ucsb.cs156.organic.controllers.CoursesControllerTests]/[method:admin_can_query_github_app_status_with_error()]
CoursesController.java,edu.ucsb.cs156.organic.controllers.CoursesController,org.pitest.mutationtest.engine.gregor.mutators.VoidMethodCallMutator,getGithubOrgById,195,KILLED,edu.ucsb.cs156.organic.controllers.CoursesControllerTests.[engine:junit-jupiter]/[class:edu.ucsb.cs156.organic.controllers.CoursesControllerTests]/[method:user_can_query_github_app_status_if_is_staff()]
CoursesController.java,edu.ucsb.cs156.organic.controllers.CoursesController,org.pitest.mutationtest.engine.gregor.mutators.VoidMethodCallMutator,getGithubOrgById,199,KILLED,edu.ucsb.cs156.organic.controllers.CoursesControllerTests.[engine:junit-jupiter]/[class:edu.ucsb.cs156.organic.controllers.CoursesControllerTests]/[method:admin_can_query_github_app_status_not_linked()]
CoursesController.java,edu.ucsb.cs156.organic.controllers.CoursesController,org.pitest.mutationtest.engine.gregor.mutators.returns.NullReturnValsMutator,getGithubOrgById,179,KILLED,edu.ucsb.cs156.organic.controllers.CoursesControllerTests.[engine:junit-jupiter]/[class:edu.ucsb.cs156.organic.controllers.CoursesControllerTests]/[method:admin_can_query_github_app_status_with_error()]
CoursesController.java,edu.ucsb.cs156.organic.controllers.CoursesController,org.pitest.mutationtest.engine.gregor.mutators.returns.NullReturnValsMutator,getGithubOrgById,201,KILLED,edu.ucsb.cs156.organic.controllers.CoursesControllerTests.[engine:junit-jupiter]/[class:edu.ucsb.cs156.organic.controllers.CoursesControllerTests]/[method:admin_can_query_github_app_status_not_linked()]
CoursesController.java,edu.ucsb.cs156.organic.controllers.CoursesController,org.pitest.mutationtest.engine.gregor.mutators.returns.NullReturnValsMutator,getGithubOrgById,209,KILLED,edu.ucsb.cs156.organic.controllers.CoursesControllerTests.[engine:junit-jupiter]/[class:edu.ucsb.cs156.organic.controllers.CoursesControllerTests]/[method:user_can_query_github_app_status_if_is_staff()]
CoursesController.java,edu.ucsb.cs156.organic.controllers.CoursesController,org.pitest.mutationtest.engine.gregor.mutators.returns.NullReturnValsMutator,getStaff,307,KILLED,edu.ucsb.cs156.organic.controllers.CoursesControllerTests.[engine:junit-jupiter]/[class:edu.ucsb.cs156.organic.controllers.CoursesControllerTests]/[method:an_admin_user_can_get_staff_for_a_course()]
CoursesController.java,edu.ucsb.cs156.organic.controllers.CoursesController,org.pitest.mutationtest.engine.gregor.mutators.returns.NullReturnValsMutator,joinById,408,KILLED,edu.ucsb.cs156.organic.controllers.CoursesControllerTests.[engine:junit-jupiter]/[class:edu.ucsb.cs156.organic.controllers.CoursesControllerTests]/[method:user_can_get_join_info()]
CoursesController.java,edu.ucsb.cs156.organic.controllers.CoursesController,org.pitest.mutationtest.engine.gregor.mutators.NegateConditionalsMutator,joinCourse,420,KILLED,edu.ucsb.cs156.organic.controllers.CoursesControllerTests.[engine:junit-jupiter]/[class:edu.ucsb.cs156.organic.controllers.CoursesControllerTests]/[method:user_can_not_join_if_course_dne()]
CoursesController.java,edu.ucsb.cs156.organic.controllers.CoursesController,org.pitest.mutationtest.engine.gregor.mutators.NegateConditionalsMutator,joinCourse,432,KILLED,edu.ucsb.cs156.organic.controllers.CoursesControllerTests.[engine:junit-jupiter]/[class:edu.ucsb.cs156.organic.controllers.CoursesControllerTests]/[method:user_can_not_join_if_school_dne()]
CoursesController.java,edu.ucsb.cs156.organic.controllers.CoursesController,org.pitest.mutationtest.engine.gregor.mutators.NegateConditionalsMutator,joinCourse,456,KILLED,edu.ucsb.cs156.organic.controllers.CoursesControllerTests.[engine:junit-jupiter]/[class:edu.ucsb.cs156.organic.controllers.CoursesControllerTests]/[method:user_not_on_roster_can_not_join()]
CoursesController.java,edu.ucsb.cs156.organic.controllers.CoursesController,org.pitest.mutationtest.engine.gregor.mutators.NegateConditionalsMutator,joinCourse,463,KILLED,edu.ucsb.cs156.organic.controllers.CoursesControllerTests.[engine:junit-jupiter]/[class:edu.ucsb.cs156.organic.controllers.CoursesControllerTests]/[method:user_not_on_roster_can_not_join()]
CoursesController.java,edu.ucsb.cs156.organic.controllers.CoursesController,org.pitest.mutationtest.engine.gregor.mutators.NegateConditionalsMutator,joinCourse,470,KILLED,edu.ucsb.cs156.organic.controllers.CoursesControllerTests.[engine:junit-jupiter]/[class:edu.ucsb.cs156.organic.controllers.CoursesControllerTests]/[method:user_not_on_roster_can_not_join()]
CoursesController.java,edu.ucsb.cs156.organic.controllers.CoursesController,org.pitest.mutationtest.engine.gregor.mutators.NegateConditionalsMutator,joinCourse,474,KILLED,edu.ucsb.cs156.organic.controllers.CoursesControllerTests.[engine:junit-jupiter]/[class:edu.ucsb.cs156.organic.controllers.CoursesControllerTests]/[method:user_can_not_join_course_if_already_there()]
CoursesController.java,edu.ucsb.cs156.organic.controllers.CoursesController,org.pitest.mutationtest.engine.gregor.mutators.NegateConditionalsMutator,joinCourse,474,KILLED,edu.ucsb.cs156.organic.controllers.CoursesControllerTests.[engine:junit-jupiter]/[class:edu.ucsb.cs156.organic.controllers.CoursesControllerTests]/[method:user_can_not_join_course_if_already_there()]
CoursesController.java,edu.ucsb.cs156.organic.controllers.CoursesController,org.pitest.mutationtest.engine.gregor.mutators.VoidMethodCallMutator,joinCourse,487,KILLED,edu.ucsb.cs156.organic.controllers.CoursesControllerTests.[engine:junit-jupiter]/[class:edu.ucsb.cs156.organic.controllers.CoursesControllerTests]/[method:user_can_not_join_due_to_github_error()]
CoursesController.java,edu.ucsb.cs156.organic.controllers.CoursesController,org.pitest.mutationtest.engine.gregor.mutators.VoidMethodCallMutator,joinCourse,494,KILLED,edu.ucsb.cs156.organic.controllers.CoursesControllerTests.[engine:junit-jupiter]/[class:edu.ucsb.cs156.organic.controllers.CoursesControllerTests]/[method:user_can_join_course_successfully()]
CoursesController.java,edu.ucsb.cs156.organic.controllers.CoursesController,org.pitest.mutationtest.engine.gregor.mutators.VoidMethodCallMutator,joinCourse,495,KILLED,edu.ucsb.cs156.organic.controllers.CoursesControllerTests.[engine:junit-jupiter]/[class:edu.ucsb.cs156.organic.controllers.CoursesControllerTests]/[method:user_can_join_course_successfully()]
CoursesController.java,edu.ucsb.cs156.organic.controllers.CoursesController,org.pitest.mutationtest.engine.gregor.mutators.returns.NullReturnValsMutator,joinCourse,498,KILLED,edu.ucsb.cs156.organic.controllers.CoursesControllerTests.[engine:junit-jupiter]/[class:edu.ucsb.cs156.organic.controllers.CoursesControllerTests]/[method:user_can_join_course_successfully()]
CoursesController.java,edu.ucsb.cs156.organic.controllers.CoursesController,org.pitest.mutationtest.engine.gregor.mutators.returns.NullReturnValsMutator,lambda$addStaff$3,279,KILLED,edu.ucsb.cs156.organic.controllers.CoursesControllerTests.[engine:junit-jupiter]/[class:edu.ucsb.cs156.organic.controllers.CoursesControllerTests]/[method:an_admin_user_cannot_add_staff_to_a_non_existing_course()]
CoursesController.java,edu.ucsb.cs156.organic.controllers.CoursesController,org.pitest.mutationtest.engine.gregor.mutators.returns.NullReturnValsMutator,lambda$addStaff$4,282,KILLED,edu.ucsb.cs156.organic.controllers.CoursesControllerTests.[engine:junit-jupiter]/[class:edu.ucsb.cs156.organic.controllers.CoursesControllerTests]/[method:an_admin_user_cannot_add_non_existing_user_to_staff_of_an_existing_course()]
CoursesController.java,edu.ucsb.cs156.organic.controllers.CoursesController,org.pitest.mutationtest.engine.gregor.mutators.returns.NullReturnValsMutator,lambda$deleteCourse$10,390,KILLED,edu.ucsb.cs156.organic.controllers.CoursesControllerTests.[engine:junit-jupiter]/[class:edu.ucsb.cs156.organic.controllers.CoursesControllerTests]/[method:an_instructor_user_cannot_delete_a_course_if_they_are_not_staff()]
CoursesController.java,edu.ucsb.cs156.organic.controllers.CoursesController,org.pitest.mutationtest.engine.gregor.mutators.returns.NullReturnValsMutator,lambda$deleteCourse$9,382,KILLED,edu.ucsb.cs156.organic.controllers.CoursesControllerTests.[engine:junit-jupiter]/[class:edu.ucsb.cs156.organic.controllers.CoursesControllerTests]/[method:an_admin_user_cannot_delete_non_existing_course()]
CoursesController.java,edu.ucsb.cs156.organic.controllers.CoursesController,org.pitest.mutationtest.engine.gregor.mutators.returns.NullReturnValsMutator,lambda$deleteStaff$6,316,KILLED,edu.ucsb.cs156.organic.controllers.CoursesControllerTests.[engine:junit-jupiter]/[class:edu.ucsb.cs156.organic.controllers.CoursesControllerTests]/[method:admin_tries_to_delete_non_existant_course_staff_and_gets_right_error_message()]
CoursesController.java,edu.ucsb.cs156.organic.controllers.CoursesController,org.pitest.mutationtest.engine.gregor.mutators.returns.NullReturnValsMutator,lambda$getById$0,136,KILLED,edu.ucsb.cs156.organic.controllers.CoursesControllerTests.[engine:junit-jupiter]/[class:edu.ucsb.cs156.organic.controllers.CoursesControllerTests]/[method:test_that_admin_cannot_get_by_id_when_the_id_does_not_exist()]
CoursesController.java,edu.ucsb.cs156.organic.controllers.CoursesController,org.pitest.mutationtest.engine.gregor.mutators.returns.NullReturnValsMutator,lambda$getById$1,140,KILLED,edu.ucsb.cs156.organic.controllers.CoursesControllerTests.[engine:junit-jupiter]/[class:edu.ucsb.cs156.organic.controllers.CoursesControllerTests]/[method:test_that_non_admin_non_instructor_cannot_get_an_existing_course()]
CoursesController.java,edu.ucsb.cs156.organic.controllers.CoursesController,org.pitest.mutationtest.engine.gregor.mutators.returns.NullReturnValsMutator,lambda$getGithubOrgById$2,155,KILLED,edu.ucsb.cs156.organic.controllers.CoursesControllerTests.[engine:junit-jupiter]/[class:edu.ucsb.cs156.organic.controllers.CoursesControllerTests]/[method:admin_can_query_github_app_status_that_dne()]
CoursesController.java,edu.ucsb.cs156.organic.controllers.CoursesController,org.pitest.mutationtest.engine.gregor.mutators.returns.NullReturnValsMutator,lambda$getStaff$5,304,KILLED,edu.ucsb.cs156.organic.controllers.CoursesControllerTests.[engine:junit-jupiter]/[class:edu.ucsb.cs156.organic.controllers.CoursesControllerTests]/[method:an_admin_user_cannot_get_staff_for_a_non_existing_course()]
CoursesController.java,edu.ucsb.cs156.organic.controllers.CoursesController,org.pitest.mutationtest.engine.gregor.mutators.returns.NullReturnValsMutator,lambda$joinById$11,406,KILLED,edu.ucsb.cs156.organic.controllers.CoursesControllerTests.[engine:junit-jupiter]/[class:edu.ucsb.cs156.organic.controllers.CoursesControllerTests]/[method:user_can_get_join_info_dne()]
CoursesController.java,edu.ucsb.cs156.organic.controllers.CoursesController,org.pitest.mutationtest.engine.gregor.mutators.returns.NullReturnValsMutator,lambda$updateCourse$7,338,KILLED,edu.ucsb.cs156.organic.controllers.CoursesControllerTests.[engine:junit-jupiter]/[class:edu.ucsb.cs156.organic.controllers.CoursesControllerTests]/[method:an_admin_user_cannot_update_non_existing_course()]
CoursesController.java,edu.ucsb.cs156.organic.controllers.CoursesController,org.pitest.mutationtest.engine.gregor.mutators.returns.NullReturnValsMutator,lambda$updateCourse$8,346,KILLED,edu.ucsb.cs156.organic.controllers.CoursesControllerTests.[engine:junit-jupiter]/[class:edu.ucsb.cs156.organic.controllers.CoursesControllerTests]/[method:an_instructor_user_cannot_update_a_course_if_they_are_not_staff()]
CoursesController.java,edu.ucsb.cs156.organic.controllers.CoursesController,org.pitest.mutationtest.engine.gregor.mutators.VoidMethodCallMutator,postCourse,240,KILLED,edu.ucsb.cs156.organic.controllers.CoursesControllerTests.[engine:junit-jupiter]/[class:edu.ucsb.cs156.organic.controllers.CoursesControllerTests]/[method:an_admin_user_can_post_a_new_course_with_gha_ok()]
CoursesController.java,edu.ucsb.cs156.organic.controllers.CoursesController,org.pitest.mutationtest.engine.gregor.mutators.returns.NullReturnValsMutator,postCourse,253,KILLED,edu.ucsb.cs156.organic.controllers.CoursesControllerTests.[engine:junit-jupiter]/[class:edu.ucsb.cs156.organic.controllers.CoursesControllerTests]/[method:an_instructor_can_post_a_new_course()]
CoursesController.java,edu.ucsb.cs156.organic.controllers.CoursesController,org.pitest.mutationtest.engine.gregor.mutators.returns.NullReturnValsMutator,postCourse,267,KILLED,edu.ucsb.cs156.organic.controllers.CoursesControllerTests.[engine:junit-jupiter]/[class:edu.ucsb.cs156.organic.controllers.CoursesControllerTests]/[method:an_admin_user_can_post_a_new_course_with_gha_ok()]
CoursesController.java,edu.ucsb.cs156.organic.controllers.CoursesController,org.pitest.mutationtest.engine.gregor.mutators.NegateConditionalsMutator,updateCourse,344,KILLED,edu.ucsb.cs156.organic.controllers.CoursesControllerTests.[engine:junit-jupiter]/[class:edu.ucsb.cs156.organic.controllers.CoursesControllerTests]/[method:an_admin_user_can_update_a_course()]
CoursesController.java,edu.ucsb.cs156.organic.controllers.CoursesController,org.pitest.mutationtest.engine.gregor.mutators.VoidMethodCallMutator,updateCourse,350,KILLED,edu.ucsb.cs156.organic.controllers.CoursesControllerTests.[engine:junit-jupiter]/[class:edu.ucsb.cs156.organic.controllers.CoursesControllerTests]/[method:an_admin_user_can_update_a_course()]
CoursesController.java,edu.ucsb.cs156.organic.controllers.CoursesController,org.pitest.mutationtest.engine.gregor.mutators.VoidMethodCallMutator,updateCourse,351,KILLED,edu.ucsb.cs156.organic.controllers.CoursesControllerTests.[engine:junit-jupiter]/[class:edu.ucsb.cs156.organic.controllers.CoursesControllerTests]/[method:an_admin_user_can_update_a_course()]
CoursesController.java,edu.ucsb.cs156.organic.controllers.CoursesController,org.pitest.mutationtest.engine.gregor.mutators.VoidMethodCallMutator,updateCourse,352,KILLED,edu.ucsb.cs156.organic.controllers.CoursesControllerTests.[engine:junit-jupiter]/[class:edu.ucsb.cs156.organic.controllers.CoursesControllerTests]/[method:an_admin_user_can_update_a_course()]
CoursesController.java,edu.ucsb.cs156.organic.controllers.CoursesController,org.pitest.mutationtest.engine.gregor.mutators.VoidMethodCallMutator,updateCourse,353,KILLED,edu.ucsb.cs156.organic.controllers.CoursesControllerTests.[engine:junit-jupiter]/[class:edu.ucsb.cs156.organic.controllers.CoursesControllerTests]/[method:an_admin_user_can_update_a_course()]
CoursesController.java,edu.ucsb.cs156.organic.controllers.CoursesController,org.pitest.mutationtest.engine.gregor.mutators.VoidMethodCallMutator,updateCourse,354,KILLED,edu.ucsb.cs156.organic.controllers.CoursesControllerTests.[engine:junit-jupiter]/[class:edu.ucsb.cs156.organic.controllers.CoursesControllerTests]/[method:an_admin_user_can_update_a_course()]
CoursesController.java,edu.ucsb.cs156.organic.controllers.CoursesController,org.pitest.mutationtest.engine.gregor.mutators.VoidMethodCallMutator,updateCourse,355,KILLED,edu.ucsb.cs156.organic.controllers.CoursesControllerTests.[engine:junit-jupiter]/[class:edu.ucsb.cs156.organic.controllers.CoursesControllerTests]/[method:an_admin_user_can_update_a_course()]
CoursesController.java,edu.ucsb.cs156.organic.controllers.CoursesController,org.pitest.mutationtest.engine.gregor.mutators.VoidMethodCallMutator,updateCourse,359,KILLED,edu.ucsb.cs156.organic.controllers.CoursesControllerTests.[engine:junit-jupiter]/[class:edu.ucsb.cs156.organic.controllers.CoursesControllerTests]/[method:an_admin_user_can_update_a_course_with_gha_ok()]
CoursesController.java,edu.ucsb.cs156.organic.controllers.CoursesController,org.pitest.mutationtest.engine.gregor.mutators.VoidMethodCallMutator,updateCourse,362,KILLED,edu.ucsb.cs156.organic.controllers.CoursesControllerTests.[engine:junit-jupiter]/[class:edu.ucsb.cs156.organic.controllers.CoursesControllerTests]/[method:an_admin_user_can_update_a_course()]
CoursesController.java,edu.ucsb.cs156.organic.controllers.CoursesController,org.pitest.mutationtest.engine.gregor.mutators.returns.NullReturnValsMutator,updateCourse,364,KILLED,edu.ucsb.cs156.organic.controllers.CoursesControllerTests.[engine:junit-jupiter]/[class:edu.ucsb.cs156.organic.controllers.CoursesControllerTests]/[method:an_admin_user_can_update_a_course()]
CoursesController.java,edu.ucsb.cs156.organic.controllers.CoursesController,org.pitest.mutationtest.engine.gregor.mutators.returns.NullReturnValsMutator,updateCourse,370,KILLED,edu.ucsb.cs156.organic.controllers.CoursesControllerTests.[engine:junit-jupiter]/[class:edu.ucsb.cs156.organic.controllers.CoursesControllerTests]/[method:an_admin_user_can_update_a_course_with_gha_ok()]
SchoolController.java,edu.ucsb.cs156.organic.controllers.SchoolController,org.pitest.mutationtest.engine.gregor.mutators.returns.NullReturnValsMutator,allSchools,81,KILLED,edu.ucsb.cs156.organic.controllers.SchoolControllerTests.[engine:junit-jupiter]/[class:edu.ucsb.cs156.organic.controllers.SchoolControllerTests]/[method:logged_in_user_can_get_all_schools()]
SchoolController.java,edu.ucsb.cs156.organic.controllers.SchoolController,org.pitest.mutationtest.engine.gregor.mutators.VoidMethodCallMutator,deleteSchool,102,KILLED,edu.ucsb.cs156.organic.controllers.SchoolControllerTests.[engine:junit-jupiter]/[class:edu.ucsb.cs156.organic.controllers.SchoolControllerTests]/[method:admin_can_delete_a_school()]
SchoolController.java,edu.ucsb.cs156.organic.controllers.SchoolController,org.pitest.mutationtest.engine.gregor.mutators.returns.NullReturnValsMutator,deleteSchool,103,KILLED,edu.ucsb.cs156.organic.controllers.SchoolControllerTests.[engine:junit-jupiter]/[class:edu.ucsb.cs156.organic.controllers.SchoolControllerTests]/[method:admin_can_delete_a_school()]
SchoolController.java,edu.ucsb.cs156.organic.controllers.SchoolController,org.pitest.mutationtest.engine.gregor.mutators.returns.NullReturnValsMutator,getById,91,KILLED,edu.ucsb.cs156.organic.controllers.SchoolControllerTests.[engine:junit-jupiter]/[class:edu.ucsb.cs156.organic.controllers.SchoolControllerTests]/[method:test_that_logged_in_user_can_get_by_id_when_the_id_exists()]
SchoolController.java,edu.ucsb.cs156.organic.controllers.SchoolController,org.pitest.mutationtest.engine.gregor.mutators.returns.NullReturnValsMutator,lambda$deleteSchool$2,100,KILLED,edu.ucsb.cs156.organic.controllers.SchoolControllerTests.[engine:junit-jupiter]/[class:edu.ucsb.cs156.organic.controllers.SchoolControllerTests]/[method:admin_tries_to_delete_non_existant_school_and_gets_right_error_message()]
SchoolController.java,edu.ucsb.cs156.organic.controllers.SchoolController,org.pitest.mutationtest.engine.gregor.mutators.returns.NullReturnValsMutator,lambda$getById$1,90,KILLED,edu.ucsb.cs156.organic.controllers.SchoolControllerTests.[engine:junit-jupiter]/[class:edu.ucsb.cs156.organic.controllers.SchoolControllerTests]/[method:test_that_logged_in_user_can_get_by_id_when_the_id_does_not_exist()]
SchoolController.java,edu.ucsb.cs156.organic.controllers.SchoolController,org.pitest.mutationtest.engine.gregor.mutators.returns.NullReturnValsMutator,lambda$updateSchool$0,62,KILLED,edu.ucsb.cs156.organic.controllers.SchoolControllerTests.[engine:junit-jupiter]/[class:edu.ucsb.cs156.organic.controllers.SchoolControllerTests]/[method:updateSchool_fails_whenSchoolDoesNotExist()]
SchoolController.java,edu.ucsb.cs156.organic.controllers.SchoolController,org.pitest.mutationtest.engine.gregor.mutators.NegateConditionalsMutator,postSchool,127,KILLED,edu.ucsb.cs156.organic.controllers.SchoolControllerTests.[engine:junit-jupiter]/[class:edu.ucsb.cs156.organic.controllers.SchoolControllerTests]/[method:an_admin_user_can_post_a_new_school_bad_format_abbrev()]
SchoolController.java,edu.ucsb.cs156.organic.controllers.SchoolController,org.pitest.mutationtest.engine.gregor.mutators.VoidMethodCallMutator,postSchool,121,KILLED,edu.ucsb.cs156.organic.controllers.SchoolControllerTests.[engine:junit-jupiter]/[class:edu.ucsb.cs156.organic.controllers.SchoolControllerTests]/[method:an_admin_user_can_post_a_new_school()]
SchoolController.java,edu.ucsb.cs156.organic.controllers.SchoolController,org.pitest.mutationtest.engine.gregor.mutators.VoidMethodCallMutator,postSchool,122,KILLED,edu.ucsb.cs156.organic.controllers.SchoolControllerTests.[engine:junit-jupiter]/[class:edu.ucsb.cs156.organic.controllers.SchoolControllerTests]/[method:an_admin_user_can_post_a_new_school()]
SchoolController.java,edu.ucsb.cs156.organic.controllers.SchoolController,org.pitest.mutationtest.engine.gregor.mutators.VoidMethodCallMutator,postSchool,123,KILLED,edu.ucsb.cs156.organic.controllers.SchoolControllerTests.[engine:junit-jupiter]/[class:edu.ucsb.cs156.organic.controllers.SchoolControllerTests]/[method:an_admin_user_can_post_a_new_school()]
SchoolController.java,edu.ucsb.cs156.organic.controllers.SchoolController,org.pitest.mutationtest.engine.gregor.mutators.VoidMethodCallMutator,postSchool,124,KILLED,edu.ucsb.cs156.organic.controllers.SchoolControllerTests.[engine:junit-jupiter]/[class:edu.ucsb.cs156.organic.controllers.SchoolControllerTests]/[method:an_admin_user_can_post_a_new_school()]
SchoolController.java,edu.ucsb.cs156.organic.controllers.SchoolController,org.pitest.mutationtest.engine.gregor.mutators.VoidMethodCallMutator,postSchool,125,KILLED,edu.ucsb.cs156.organic.controllers.SchoolControllerTests.[engine:junit-jupiter]/[class:edu.ucsb.cs156.organic.controllers.SchoolControllerTests]/[method:an_admin_user_can_post_a_new_school()]
SchoolController.java,edu.ucsb.cs156.organic.controllers.SchoolController,org.pitest.mutationtest.engine.gregor.mutators.returns.NullReturnValsMutator,postSchool,133,KILLED,edu.ucsb.cs156.organic.controllers.SchoolControllerTests.[engine:junit-jupiter]/[class:edu.ucsb.cs156.organic.controllers.SchoolControllerTests]/[method:an_admin_user_can_post_a_new_school()]
SchoolController.java,edu.ucsb.cs156.organic.controllers.SchoolController,org.pitest.mutationtest.engine.gregor.mutators.VoidMethodCallMutator,updateSchool,64,KILLED,edu.ucsb.cs156.organic.controllers.SchoolControllerTests.[engine:junit-jupiter]/[class:edu.ucsb.cs156.organic.controllers.SchoolControllerTests]/[method:an_instructor_user_can_update_a_school_if_they_are_admin()]
SchoolController.java,edu.ucsb.cs156.organic.controllers.SchoolController,org.pitest.mutationtest.engine.gregor.mutators.VoidMethodCallMutator,updateSchool,65,KILLED,edu.ucsb.cs156.organic.controllers.SchoolControllerTests.[engine:junit-jupiter]/[class:edu.ucsb.cs156.organic.controllers.SchoolControllerTests]/[method:an_instructor_user_can_update_a_school_if_they_are_admin()]
SchoolController.java,edu.ucsb.cs156.organic.controllers.SchoolController,org.pitest.mutationtest.engine.gregor.mutators.VoidMethodCallMutator,updateSchool,66,KILLED,edu.ucsb.cs156.organic.controllers.SchoolControllerTests.[engine:junit-jupiter]/[class:edu.ucsb.cs156.organic.controllers.SchoolControllerTests]/[method:an_instructor_user_can_update_a_school_if_they_are_admin()]
SchoolController.java,edu.ucsb.cs156.organic.controllers.SchoolController,org.pitest.mutationtest.engine.gregor.mutators.VoidMethodCallMutator,updateSchool,67,KILLED,edu.ucsb.cs156.organic.controllers.SchoolControllerTests.[engine:junit-jupiter]/[class:edu.ucsb.cs156.organic.controllers.SchoolControllerTests]/[method:an_instructor_user_can_update_a_school_if_they_are_admin()]
SchoolController.java,edu.ucsb.cs156.organic.controllers.SchoolController,org.pitest.mutationtest.engine.gregor.mutators.returns.NullReturnValsMutator,updateSchool,73,KILLED,edu.ucsb.cs156.organic.controllers.SchoolControllerTests.[engine:junit-jupiter]/[class:edu.ucsb.cs156.organic.controllers.SchoolControllerTests]/[method:an_instructor_user_can_update_a_school_if_they_are_admin()]
StudentsController.java,edu.ucsb.cs156.organic.controllers.StudentsController,org.pitest.mutationtest.engine.gregor.mutators.returns.NullReturnValsMutator,fromEgradesCSVRow,136,KILLED,edu.ucsb.cs156.organic.controllers.StudentsControllerTests.[engine:junit-jupiter]/[class:edu.ucsb.cs156.organic.controllers.StudentsControllerTests]/[method:admin_can_upload_students_for_an_existing_course()]
StudentsController.java,edu.ucsb.cs156.organic.controllers.StudentsController,org.pitest.mutationtest.engine.gregor.mutators.returns.NullReturnValsMutator,getStaff,77,KILLED,edu.ucsb.cs156.organic.controllers.StudentsControllerTests.[engine:junit-jupiter]/[class:edu.ucsb.cs156.organic.controllers.StudentsControllerTests]/[method:admin_can_get_all_students_for_a_course()]
StudentsController.java,edu.ucsb.cs156.organic.controllers.StudentsController,org.pitest.mutationtest.engine.gregor.mutators.MathMutator,getStaff,125,KILLED,edu.ucsb.cs156.organic.controllers.StudentsControllerTests.[engine:junit-jupiter]/[class:edu.ucsb.cs156.organic.controllers.StudentsControllerTests]/[method:admin_can_upload_students_for_an_existing_course()]
StudentsController.java,edu.ucsb.cs156.organic.controllers.StudentsController,org.pitest.mutationtest.engine.gregor.mutators.VoidMethodCallMutator,getStaff,119,KILLED,edu.ucsb.cs156.organic.controllers.StudentsControllerTests.[engine:junit-jupiter]/[class:edu.ucsb.cs156.organic.controllers.StudentsControllerTests]/[method:admin_can_upload_students_for_an_existing_course()]
StudentsController.java,edu.ucsb.cs156.organic.controllers.StudentsController,org.pitest.mutationtest.engine.gregor.mutators.VoidMethodCallMutator,getStaff,123,KILLED,edu.ucsb.cs156.organic.controllers.StudentsControllerTests.[engine:junit-jupiter]/[class:edu.ucsb.cs156.organic.controllers.StudentsControllerTests]/[method:admin_can_upload_students_for_an_existing_course()]
StudentsController.java,edu.ucsb.cs156.organic.controllers.StudentsController,org.pitest.mutationtest.engine.gregor.mutators.returns.EmptyObjectReturnValsMutator,getStaff,128,KILLED,edu.ucsb.cs156.organic.controllers.StudentsControllerTests.[engine:junit-jupiter]/[class:edu.ucsb.cs156.organic.controllers.StudentsControllerTests]/[method:admin_can_upload_students_for_an_existing_course()]
StudentsController.java,edu.ucsb.cs156.organic.controllers.StudentsController,org.pitest.mutationtest.engine.gregor.mutators.returns.NullReturnValsMutator,lambda$getStaff$0,74,KILLED,edu.ucsb.cs156.organic.controllers.StudentsControllerTests.[engine:junit-jupiter]/[class:edu.ucsb.cs156.organic.controllers.StudentsControllerTests]/[method:admin_cannot_get_all_students_for_a_non_existing_course()]
StudentsController.java,edu.ucsb.cs156.organic.controllers.StudentsController,org.pitest.mutationtest.engine.gregor.mutators.returns.NullReturnValsMutator,lambda$getStaff$3,112,KILLED,edu.ucsb.cs156.organic.controllers.StudentsControllerTests.[engine:junit-jupiter]/[class:edu.ucsb.cs156.organic.controllers.StudentsControllerTests]/[method:admin_cannot_upload_students_for_a_non_existing_course()]
StudentsController.java,edu.ucsb.cs156.organic.controllers.StudentsController,org.pitest.mutationtest.engine.gregor.mutators.returns.NullReturnValsMutator,lambda$postStudent$1,90,KILLED,edu.ucsb.cs156.organic.controllers.StudentsControllerTests.[engine:junit-jupiter]/[class:edu.ucsb.cs156.organic.controllers.StudentsControllerTests]/[method:can_not_post_student_course_dne()]
StudentsController.java,edu.ucsb.cs156.organic.controllers.StudentsController,org.pitest.mutationtest.engine.gregor.mutators.returns.NullReturnValsMutator,lambda$postStudent$2,94,KILLED,edu.ucsb.cs156.organic.controllers.StudentsControllerTests.[engine:junit-jupiter]/[class:edu.ucsb.cs156.organic.controllers.StudentsControllerTests]/[method:user_can_not_post_student_if_not_instructor()]
StudentsController.java,edu.ucsb.cs156.organic.controllers.StudentsController,org.pitest.mutationtest.engine.gregor.mutators.NegateConditionalsMutator,postStudent,92,KILLED,edu.ucsb.cs156.organic.controllers.StudentsControllerTests.[engine:junit-jupiter]/[class:edu.ucsb.cs156.organic.controllers.StudentsControllerTests]/[method:admin_can_post_student()]
StudentsController.java,edu.ucsb.cs156.organic.controllers.StudentsController,org.pitest.mutationtest.engine.gregor.mutators.returns.NullReturnValsMutator,postStudent,100,KILLED,edu.ucsb.cs156.organic.controllers.StudentsControllerTests.[engine:junit-jupiter]/[class:edu.ucsb.cs156.organic.controllers.StudentsControllerTests]/[method:admin_can_post_student()]
StudentsController.java,edu.ucsb.cs156.organic.controllers.StudentsController,org.pitest.mutationtest.engine.gregor.mutators.NegateConditionalsMutator,upsertStudent,147,KILLED,edu.ucsb.cs156.organic.controllers.StudentsControllerTests.[engine:junit-jupiter]/[class:edu.ucsb.cs156.organic.controllers.StudentsControllerTests]/[method:admin_can_upload_students_for_an_existing_course()]
StudentsController.java,edu.ucsb.cs156.organic.controllers.StudentsController,org.pitest.mutationtest.engine.gregor.mutators.VoidMethodCallMutator,upsertStudent,149,KILLED,edu.ucsb.cs156.organic.controllers.StudentsControllerTests.[engine:junit-jupiter]/[class:edu.ucsb.cs156.organic.controllers.StudentsControllerTests]/[method:admin_can_upload_students_for_an_existing_course()]
StudentsController.java,edu.ucsb.cs156.organic.controllers.StudentsController,org.pitest.mutationtest.engine.gregor.mutators.VoidMethodCallMutator,upsertStudent,150,KILLED,edu.ucsb.cs156.organic.controllers.StudentsControllerTests.[engine:junit-jupiter]/[class:edu.ucsb.cs156.organic.controllers.StudentsControllerTests]/[method:admin_can_upload_students_for_an_existing_course()]
StudentsController.java,edu.ucsb.cs156.organic.controllers.StudentsController,org.pitest.mutationtest.engine.gregor.mutators.VoidMethodCallMutator,upsertStudent,151,KILLED,edu.ucsb.cs156.organic.controllers.StudentsControllerTests.[engine:junit-jupiter]/[class:edu.ucsb.cs156.organic.controllers.StudentsControllerTests]/[method:admin_can_upload_students_for_an_existing_course()]
StudentsController.java,edu.ucsb.cs156.organic.controllers.StudentsController,org.pitest.mutationtest.engine.gregor.mutators.returns.NullReturnValsMutator,upsertStudent,153,KILLED,edu.ucsb.cs156.organic.controllers.StudentsControllerTests.[engine:junit-jupiter]/[class:edu.ucsb.cs156.organic.controllers.StudentsControllerTests]/[method:admin_can_upload_students_for_an_existing_course()]
StudentsController.java,edu.ucsb.cs156.organic.controllers.StudentsController,org.pitest.mutationtest.engine.gregor.mutators.returns.NullReturnValsMutator,upsertStudent,156,KILLED,edu.ucsb.cs156.organic.controllers.StudentsControllerTests.[engine:junit-jupiter]/[class:edu.ucsb.cs156.organic.controllers.StudentsControllerTests]/[method:admin_can_upload_students_for_an_existing_course()]
RoleUserInterceptor.java,edu.ucsb.cs156.organic.interceptors.RoleUserInterceptor,org.pitest.mutationtest.engine.gregor.mutators.NegateConditionalsMutator,lambda$preHandle$0,56,KILLED,edu.ucsb.cs156.organic.interceptors.RoleUserInterceptorTests.[engine:junit-jupiter]/[class:edu.ucsb.cs156.organic.interceptors.RoleUserInterceptorTests]/[method:interceptor_removes_instructor_role_when_instructor_field_in_db_is_false()]
RoleUserInterceptor.java,edu.ucsb.cs156.organic.interceptors.RoleUserInterceptor,org.pitest.mutationtest.engine.gregor.mutators.NegateConditionalsMutator,lambda$preHandle$0,57,KILLED,edu.ucsb.cs156.organic.interceptors.RoleUserInterceptorTests.[engine:junit-jupiter]/[class:edu.ucsb.cs156.organic.interceptors.RoleUserInterceptorTests]/[method:interceptor_removes_instructor_role_when_instructor_field_in_db_is_false()]
RoleUserInterceptor.java,edu.ucsb.cs156.organic.interceptors.RoleUserInterceptor,org.pitest.mutationtest.engine.gregor.mutators.returns.BooleanTrueReturnValsMutator,lambda$preHandle$0,56,KILLED,edu.ucsb.cs156.organic.interceptors.RoleUserInterceptorTests.[engine:junit-jupiter]/[class:edu.ucsb.cs156.organic.interceptors.RoleUserInterceptorTests]/[method:interceptor_removes_instructor_role_when_instructor_field_in_db_is_false()]
RoleUserInterceptor.java,edu.ucsb.cs156.organic.interceptors.RoleUserInterceptor,org.pitest.mutationtest.engine.gregor.mutators.NegateConditionalsMutator,preHandle,46,KILLED,edu.ucsb.cs156.organic.controllers.SystemInfoControllerTests.[engine:junit-jupiter]/[class:edu.ucsb.cs156.organic.controllers.SystemInfoControllerTests]/[method:systemInfo__logged_out()]
RoleUserInterceptor.java,edu.ucsb.cs156.organic.interceptors.RoleUserInterceptor,org.pitest.mutationtest.engine.gregor.mutators.NegateConditionalsMutator,preHandle,50,KILLED,edu.ucsb.cs156.organic.interceptors.RoleUserInterceptorTests.[engine:junit-jupiter]/[class:edu.ucsb.cs156.organic.interceptors.RoleUserInterceptorTests]/[method:user_not_present_in_db_and_no_role_update_by_interceptor()]
RoleUserInterceptor.java,edu.ucsb.cs156.organic.interceptors.RoleUserInterceptor,org.pitest.mutationtest.engine.gregor.mutators.NegateConditionalsMutator,preHandle,62,KILLED,edu.ucsb.cs156.organic.interceptors.RoleUserInterceptorTests.[engine:junit-jupiter]/[class:edu.ucsb.cs156.organic.interceptors.RoleUserInterceptorTests]/[method:interceptor_removes_instructor_role_when_instructor_field_in_db_is_false()]
RoleUserInterceptor.java,edu.ucsb.cs156.organic.interceptors.RoleUserInterceptor,org.pitest.mutationtest.engine.gregor.mutators.NegateConditionalsMutator,preHandle,66,KILLED,edu.ucsb.cs156.organic.interceptors.RoleUserInterceptorTests.[engine:junit-jupiter]/[class:edu.ucsb.cs156.organic.interceptors.RoleUserInterceptorTests]/[method:interceptor_removes_instructor_role_when_instructor_field_in_db_is_false()]
RoleUserInterceptor.java,edu.ucsb.cs156.organic.interceptors.RoleUserInterceptor,org.pitest.mutationtest.engine.gregor.mutators.VoidMethodCallMutator,preHandle,58,KILLED,edu.ucsb.cs156.organic.interceptors.RoleUserInterceptorTests.[engine:junit-jupiter]/[class:edu.ucsb.cs156.organic.interceptors.RoleUserInterceptorTests]/[method:interceptor_removes_instructor_role_when_instructor_field_in_db_is_false()]
RoleUserInterceptor.java,edu.ucsb.cs156.organic.interceptors.RoleUserInterceptor,org.pitest.mutationtest.engine.gregor.mutators.VoidMethodCallMutator,preHandle,71,KILLED,edu.ucsb.cs156.organic.interceptors.RoleUserInterceptorTests.[engine:junit-jupiter]/[class:edu.ucsb.cs156.organic.interceptors.RoleUserInterceptorTests]/[method:interceptor_removes_instructor_role_when_instructor_field_in_db_is_false()]
RoleUserInterceptor.java,edu.ucsb.cs156.organic.interceptors.RoleUserInterceptor,org.pitest.mutationtest.engine.gregor.mutators.returns.BooleanFalseReturnValsMutator,preHandle,75,KILLED,edu.ucsb.cs156.organic.controllers.SystemInfoControllerTests.[engine:junit-jupiter]/[class:edu.ucsb.cs156.organic.controllers.SystemInfoControllerTests]/[method:systemInfo__logged_out()]
UsersController.java,edu.ucsb.cs156.organic.controllers.UsersController,org.pitest.mutationtest.engine.gregor.mutators.returns.NullReturnValsMutator,lambda$postUsersToggleInstructor$0,51,KILLED,edu.ucsb.cs156.organic.controllers.UsersControllerTests.[engine:junit-jupiter]/[class:edu.ucsb.cs156.organic.controllers.UsersControllerTests]/[method:users__admin_toggles_nonexistent_user()]
UsersController.java,edu.ucsb.cs156.organic.controllers.UsersController,org.pitest.mutationtest.engine.gregor.mutators.returns.NullReturnValsMutator,lambda$toggleAdmin$1,64,KILLED,edu.ucsb.cs156.organic.controllers.UsersControllerTests.[engine:junit-jupiter]/[class:edu.ucsb.cs156.organic.controllers.UsersControllerTests]/[method:admin_tries_to_toggleAdmin_non_existant_user_and_gets_right_error_message()]
UsersController.java,edu.ucsb.cs156.organic.controllers.UsersController,org.pitest.mutationtest.engine.gregor.mutators.NegateConditionalsMutator,postUsersToggleInstructor,53,KILLED,edu.ucsb.cs156.organic.controllers.UsersControllerTests.[engine:junit-jupiter]/[class:edu.ucsb.cs156.organic.controllers.UsersControllerTests]/[method:users__instructor_toggle_false_to_true()]
UsersController.java,edu.ucsb.cs156.organic.controllers.UsersController,org.pitest.mutationtest.engine.gregor.mutators.VoidMethodCallMutator,postUsersToggleInstructor,53,KILLED,edu.ucsb.cs156.organic.controllers.UsersControllerTests.[engine:junit-jupiter]/[class:edu.ucsb.cs156.organic.controllers.UsersControllerTests]/[method:users__instructor_toggle_false_to_true()]
UsersController.java,edu.ucsb.cs156.organic.controllers.UsersController,org.pitest.mutationtest.engine.gregor.mutators.returns.NullReturnValsMutator,postUsersToggleInstructor,56,KILLED,edu.ucsb.cs156.organic.controllers.UsersControllerTests.[engine:junit-jupiter]/[class:edu.ucsb.cs156.organic.controllers.UsersControllerTests]/[method:users__instructor_toggle_false_to_true()]
UsersController.java,edu.ucsb.cs156.organic.controllers.UsersController,org.pitest.mutationtest.engine.gregor.mutators.NegateConditionalsMutator,toggleAdmin,66,KILLED,edu.ucsb.cs156.organic.controllers.UsersControllerTests.[engine:junit-jupiter]/[class:edu.ucsb.cs156.organic.controllers.UsersControllerTests]/[method:admin_can_toggle_admin_status_of_a_user_from_true_to_false()]
UsersController.java,edu.ucsb.cs156.organic.controllers.UsersController,org.pitest.mutationtest.engine.gregor.mutators.VoidMethodCallMutator,toggleAdmin,66,KILLED,edu.ucsb.cs156.organic.controllers.UsersControllerTests.[engine:junit-jupiter]/[class:edu.ucsb.cs156.organic.controllers.UsersControllerTests]/[method:admin_can_toggle_admin_status_of_a_user_from_true_to_false()]
UsersController.java,edu.ucsb.cs156.organic.controllers.UsersController,org.pitest.mutationtest.engine.gregor.mutators.returns.NullReturnValsMutator,toggleAdmin,68,KILLED,edu.ucsb.cs156.organic.controllers.UsersControllerTests.[engine:junit-jupiter]/[class:edu.ucsb.cs156.organic.controllers.UsersControllerTests]/[method:admin_can_toggle_admin_status_of_a_user_from_true_to_false()]
UsersController.java,edu.ucsb.cs156.organic.controllers.UsersController,org.pitest.mutationtest.engine.gregor.mutators.returns.NullReturnValsMutator,users,40,KILLED,edu.ucsb.cs156.organic.controllers.UsersControllerTests.[engine:junit-jupiter]/[class:edu.ucsb.cs156.organic.controllers.UsersControllerTests]/[method:users__admin_logged_in()]
ApiController.java,edu.ucsb.cs156.organic.controllers.ApiController,org.pitest.mutationtest.engine.gregor.mutators.returns.NullReturnValsMutator,genericMessage,79,KILLED,edu.ucsb.cs156.organic.controllers.SchoolControllerTests.[engine:junit-jupiter]/[class:edu.ucsb.cs156.organic.controllers.SchoolControllerTests]/[method:admin_can_delete_a_school()]
ApiController.java,edu.ucsb.cs156.organic.controllers.ApiController,org.pitest.mutationtest.engine.gregor.mutators.returns.NullReturnValsMutator,getCurrentUser,27,KILLED,edu.ucsb.cs156.organic.controllers.UserInfoControllerTests.[engine:junit-jupiter]/[class:edu.ucsb.cs156.organic.controllers.UserInfoControllerTests]/[method:currentUser__get_emails()]
ApiController.java,edu.ucsb.cs156.organic.controllers.ApiController,org.pitest.mutationtest.engine.gregor.mutators.returns.NullReturnValsMutator,getMapper,64,KILLED,edu.ucsb.cs156.organic.controllers.UserInfoControllerTests.[engine:junit-jupiter]/[class:edu.ucsb.cs156.organic.controllers.UserInfoControllerTests]/[method:currentUser__logged_in()]
ApiController.java,edu.ucsb.cs156.organic.controllers.ApiController,org.pitest.mutationtest.engine.gregor.mutators.returns.NullReturnValsMutator,handleAccessDeniedException,51,KILLED,edu.ucsb.cs156.organic.controllers.CoursesControllerTests.[engine:junit-jupiter]/[class:edu.ucsb.cs156.organic.controllers.CoursesControllerTests]/[method:a_user_cannot_delete_a_course()]
ApiController.java,edu.ucsb.cs156.organic.controllers.ApiController,org.pitest.mutationtest.engine.gregor.mutators.returns.NullReturnValsMutator,handleGenericException,43,KILLED,edu.ucsb.cs156.organic.controllers.UsersControllerTests.[engine:junit-jupiter]/[class:edu.ucsb.cs156.organic.controllers.UsersControllerTests]/[method:admin_tries_to_toggleAdmin_non_existant_user_and_gets_right_error_message()]
ApiController.java,edu.ucsb.cs156.organic.controllers.ApiController,org.pitest.mutationtest.engine.gregor.mutators.returns.NullReturnValsMutator,handleIllegalArgumentException,37,KILLED,edu.ucsb.cs156.organic.controllers.JobsControllerTests.[engine:junit-jupiter]/[class:edu.ucsb.cs156.organic.controllers.JobsControllerTests]/[method:admin_launch_test_job_with_invalid_parameter_60001()]
ApiController.java,edu.ucsb.cs156.organic.controllers.ApiController,org.pitest.mutationtest.engine.gregor.mutators.returns.NullReturnValsMutator,mapperThatIgnoresMockitoMocks,75,KILLED,edu.ucsb.cs156.organic.controllers.UserInfoControllerTests.[engine:junit-jupiter]/[class:edu.ucsb.cs156.organic.controllers.UserInfoControllerTests]/[method:currentUser__logged_in()]
JobsController.java,edu.ucsb.cs156.organic.controllers.JobsController,org.pitest.mutationtest.engine.gregor.mutators.returns.NullReturnValsMutator,allJobs,47,KILLED,edu.ucsb.cs156.organic.controllers.JobsControllerTests.[engine:junit-jupiter]/[class:edu.ucsb.cs156.organic.controllers.JobsControllerTests]/[method:admin_can_get_all_jobs()]
JobsController.java,edu.ucsb.cs156.organic.controllers.JobsController,org.pitest.mutationtest.engine.gregor.mutators.returns.NullReturnValsMutator,allJobsPaged,58,KILLED,edu.ucsb.cs156.organic.controllers.JobsControllerTests.[engine:junit-jupiter]/[class:edu.ucsb.cs156.organic.controllers.JobsControllerTests]/[method:admin_can_get_all_jobs_paged()]
JobsController.java,edu.ucsb.cs156.organic.controllers.JobsController,org.pitest.mutationtest.engine.gregor.mutators.ConditionalsBoundaryMutator,launchTestJob,75,KILLED,edu.ucsb.cs156.organic.controllers.JobsControllerTests.[engine:junit-jupiter]/[class:edu.ucsb.cs156.organic.controllers.JobsControllerTests]/[method:admin_launch_test_job_with_boundary_parameter_0()]
JobsController.java,edu.ucsb.cs156.organic.controllers.JobsController,org.pitest.mutationtest.engine.gregor.mutators.ConditionalsBoundaryMutator,launchTestJob,75,KILLED,edu.ucsb.cs156.organic.controllers.JobsControllerTests.[engine:junit-jupiter]/[class:edu.ucsb.cs156.organic.controllers.JobsControllerTests]/[method:admin_launch_test_job_with_boundary_parameter_60000()]
JobsController.java,edu.ucsb.cs156.organic.controllers.JobsController,org.pitest.mutationtest.engine.gregor.mutators.NegateConditionalsMutator,launchTestJob,75,KILLED,edu.ucsb.cs156.organic.controllers.JobsControllerTests.[engine:junit-jupiter]/[class:edu.ucsb.cs156.organic.controllers.JobsControllerTests]/[method:admin_launch_test_job_with_invalid_parameter_minus_1()]
JobsController.java,edu.ucsb.cs156.organic.controllers.JobsController,org.pitest.mutationtest.engine.gregor.mutators.NegateConditionalsMutator,launchTestJob,75,KILLED,edu.ucsb.cs156.organic.controllers.JobsControllerTests.[engine:junit-jupiter]/[class:edu.ucsb.cs156.organic.controllers.JobsControllerTests]/[method:admin_launch_test_job_with_invalid_parameter_60001()]
JobsController.java,edu.ucsb.cs156.organic.controllers.JobsController,org.pitest.mutationtest.engine.gregor.mutators.returns.NullReturnValsMutator,launchTestJob,79,KILLED,edu.ucsb.cs156.organic.controllers.JobsControllerTests.[engine:junit-jupiter]/[class:edu.ucsb.cs156.organic.controllers.JobsControllerTests]/[method:admin_can_launch_test_job_that_fails()]
UserInfoController.java,edu.ucsb.cs156.organic.controllers.UserInfoController,org.pitest.mutationtest.engine.gregor.mutators.returns.NullReturnValsMutator,getCurrentUserAsJson,43,KILLED,edu.ucsb.cs156.organic.controllers.UserInfoControllerTests.[engine:junit-jupiter]/[class:edu.ucsb.cs156.organic.controllers.UserInfoControllerTests]/[method:currentUser__logged_in()]
UserInfoController.java,edu.ucsb.cs156.organic.controllers.UserInfoController,org.pitest.mutationtest.engine.gregor.mutators.returns.NullReturnValsMutator,getStaffedCourses,69,KILLED,edu.ucsb.cs156.organic.controllers.UserInfoControllerTests.[engine:junit-jupiter]/[class:edu.ucsb.cs156.organic.controllers.UserInfoControllerTests]/[method:currentUser__get_staffed_courses()]
UserInfoController.java,edu.ucsb.cs156.organic.controllers.UserInfoController,org.pitest.mutationtest.engine.gregor.mutators.returns.NullReturnValsMutator,getUsersEmails,61,KILLED,edu.ucsb.cs156.organic.controllers.UserInfoControllerTests.[engine:junit-jupiter]/[class:edu.ucsb.cs156.organic.controllers.UserInfoControllerTests]/[method:currentUser__get_emails()]
UserInfoController.java,edu.ucsb.cs156.organic.controllers.UserInfoController,org.pitest.mutationtest.engine.gregor.mutators.VoidMethodCallMutator,updateLastOnline,52,KILLED,edu.ucsb.cs156.organic.controllers.UserInfoControllerTests.[engine:junit-jupiter]/[class:edu.ucsb.cs156.organic.controllers.UserInfoControllerTests]/[method:currentUser__update_last_online()]
UserInfoController.java,edu.ucsb.cs156.organic.controllers.UserInfoController,org.pitest.mutationtest.engine.gregor.mutators.returns.NullReturnValsMutator,updateLastOnline,54,KILLED,edu.ucsb.cs156.organic.controllers.UserInfoControllerTests.[engine:junit-jupiter]/[class:edu.ucsb.cs156.organic.controllers.UserInfoControllerTests]/[method:currentUser__update_last_online()]
JobService.java,edu.ucsb.cs156.organic.services.jobs.JobService,org.pitest.mutationtest.engine.gregor.mutators.VoidMethodCallMutator,runAsJob,31,TIMED_OUT,none
JobService.java,edu.ucsb.cs156.organic.services.jobs.JobService,org.pitest.mutationtest.engine.gregor.mutators.returns.NullReturnValsMutator,runAsJob,32,KILLED,edu.ucsb.cs156.organic.controllers.JobsControllerTests.[engine:junit-jupiter]/[class:edu.ucsb.cs156.organic.controllers.JobsControllerTests]/[method:admin_can_launch_test_job_that_fails()]
JobService.java,edu.ucsb.cs156.organic.services.jobs.JobService,org.pitest.mutationtest.engine.gregor.mutators.VoidMethodCallMutator,runJobAsync,40,TIMED_OUT,none
JobService.java,edu.ucsb.cs156.organic.services.jobs.JobService,org.pitest.mutationtest.engine.gregor.mutators.VoidMethodCallMutator,runJobAsync,43,TIMED_OUT,none
JobService.java,edu.ucsb.cs156.organic.services.jobs.JobService,org.pitest.mutationtest.engine.gregor.mutators.VoidMethodCallMutator,runJobAsync,48,KILLED,edu.ucsb.cs156.organic.controllers.JobsControllerTests.[engine:junit-jupiter]/[class:edu.ucsb.cs156.organic.controllers.JobsControllerTests]/[method:admin_can_launch_test_job()]
SystemInfoServiceImpl.java,edu.ucsb.cs156.organic.services.SystemInfoServiceImpl,org.pitest.mutationtest.engine.gregor.mutators.returns.NullReturnValsMutator,getSystemInfo,47,KILLED,edu.ucsb.cs156.organic.services.SystemInfoServiceImplTests.[engine:junit-jupiter]/[class:edu.ucsb.cs156.organic.services.SystemInfoServiceImplTests]/[method:test_getSystemInfo()]
SystemInfoServiceImpl.java,edu.ucsb.cs156.organic.services.SystemInfoServiceImpl,org.pitest.mutationtest.engine.gregor.mutators.NegateConditionalsMutator,githubUrl,34,KILLED,edu.ucsb.cs156.organic.services.SystemInfoServiceImplTests.[engine:junit-jupiter]/[class:edu.ucsb.cs156.organic.services.SystemInfoServiceImplTests]/[method:test_githubUrl()]
SystemInfoServiceImpl.java,edu.ucsb.cs156.organic.services.SystemInfoServiceImpl,org.pitest.mutationtest.engine.gregor.mutators.NegateConditionalsMutator,githubUrl,34,KILLED,edu.ucsb.cs156.organic.services.SystemInfoServiceImplTests.[engine:junit-jupiter]/[class:edu.ucsb.cs156.organic.services.SystemInfoServiceImplTests]/[method:test_githubUrl()]
SystemInfoServiceImpl.java,edu.ucsb.cs156.organic.services.SystemInfoServiceImpl,org.pitest.mutationtest.engine.gregor.mutators.returns.EmptyObjectReturnValsMutator,githubUrl,34,KILLED,edu.ucsb.cs156.organic.services.SystemInfoServiceImplTests.[engine:junit-jupiter]/[class:edu.ucsb.cs156.organic.services.SystemInfoServiceImplTests]/[method:test_githubUrl()]
TestJob.java,edu.ucsb.cs156.organic.jobs.TestJob,org.pitest.mutationtest.engine.gregor.mutators.NegateConditionalsMutator,accept,24,TIMED_OUT,none
TestJob.java,edu.ucsb.cs156.organic.jobs.TestJob,org.pitest.mutationtest.engine.gregor.mutators.VoidMethodCallMutator,accept,22,TIMED_OUT,none
TestJob.java,edu.ucsb.cs156.organic.jobs.TestJob,org.pitest.mutationtest.engine.gregor.mutators.VoidMethodCallMutator,accept,23,KILLED,edu.ucsb.cs156.organic.controllers.JobsControllerTests.[engine:junit-jupiter]/[class:edu.ucsb.cs156.organic.controllers.JobsControllerTests]/[method:admin_can_launch_test_job_that_fails()]
TestJob.java,edu.ucsb.cs156.organic.jobs.TestJob,org.pitest.mutationtest.engine.gregor.mutators.VoidMethodCallMutator,accept,27,KILLED,edu.ucsb.cs156.organic.controllers.JobsControllerTests.[engine:junit-jupiter]/[class:edu.ucsb.cs156.organic.controllers.JobsControllerTests]/[method:admin_can_launch_test_job()]
JobContext.java,edu.ucsb.cs156.organic.services.jobs.JobContext,org.pitest.mutationtest.engine.gregor.mutators.NegateConditionalsMutator,log,16,TIMED_OUT,none
JobContext.java,edu.ucsb.cs156.organic.services.jobs.JobContext,org.pitest.mutationtest.engine.gregor.mutators.VoidMethodCallMutator,log,17,TIMED_OUT,none
SystemInfoController.java,edu.ucsb.cs156.organic.controllers.SystemInfoController,org.pitest.mutationtest.engine.gregor.mutators.returns.NullReturnValsMutator,getSystemInfo,24,KILLED,edu.ucsb.cs156.organic.controllers.SystemInfoControllerTests.[engine:junit-jupiter]/[class:edu.ucsb.cs156.organic.controllers.SystemInfoControllerTests]/[method:systemInfo__logged_out()]
CSRFController.java,edu.ucsb.cs156.organic.controllers.CSRFController,org.pitest.mutationtest.engine.gregor.mutators.returns.NullReturnValsMutator,csrf,18,KILLED,edu.ucsb.cs156.organic.controllers.CSRFControllerTests.[engine:junit-jupiter]/[class:edu.ucsb.cs156.organic.controllers.CSRFControllerTests]/[method:csrf_returns_ok()]
UserEmail.java,edu.ucsb.cs156.organic.entities.UserEmail,org.pitest.mutationtest.engine.gregor.mutators.returns.EmptyObjectReturnValsMutator,getGithubId,25,KILLED,edu.ucsb.cs156.organic.entities.UserEmailTests.[engine:junit-jupiter]/[class:edu.ucsb.cs156.organic.entities.UserEmailTests]/[method:test_getGithubId()]
User.java,edu.ucsb.cs156.organic.entities.User,org.pitest.mutationtest.engine.gregor.mutators.returns.EmptyObjectReturnValsMutator,toString,41,KILLED,edu.ucsb.cs156.organic.entities.UserTests.[engine:junit-jupiter]/[class:edu.ucsb.cs156.organic.entities.UserTests]/[method:test_toString()]
